Site,Observed,Predicted
1,12,15.873187075006934
2,7,15.973527893529743
3,7,16.216287916295705
4,20,15.915214095570969
5,13,16.327240998076917
6,11,15.880515419118325
27,29,17.15906942967684
28,7,16.67943370623779
29,31,16.138877973829164
30,2,16.245363397246553
31,29,15.978934495820722
32,7,16.56041471720492
33,32,16.60006809184376
34,25,16.17183924155977
35,19,16.380885955278494
36,18,16.079978483581773
54,11,17.270461189117544
55,18,17.10545883967709
56,11,17.114875984151144
57,11,16.39916614373493
58,25,16.6073753303125
69,12,16.645467818492858
70,11,17.041715649308685
71,2,16.730789778104864
72,13,17.272944158105698
73,2,16.64759141634274
74,7,16.746789239488628
75,5,17.18733592923943
76,8,17.17051988445021
77,16,16.65774458226909
78,9,16.98649114338994
79,15,15.618799469336894
85,4,15.590827654260432
86,11,15.163008475153996
87,15,15.290567881027622
88,5,15.756493680112124
89,11,15.283994478811453
90,3,16.084566675822753
103,22,16.713533273927663
104,9,16.87353948789487
105,5,17.11815075092596
106,7,16.931347015742812
107,3,16.571170329334745
108,12,16.522981603922066
109,31,17.125456585178686
110,13,17.306152506444644
111,6,17.088062269486244
112,11,16.831631144890228
113,3,16.343405191011904
119,11,16.042739187828698
120,13,17.53540229090551
121,17,17.628663266644
122,4,17.489537069781115
123,7,17.44102633385892
124,24,17.323493969670118
125,14,17.280432362847286
126,7,17.334208100017317
127,25,16.99769523883434
128,8,17.34538004930262
129,19,17.710726618500583
130,14,17.420734588836037
131,11,18.252743160741538
132,23,18.312923455968754
133,7,18.35261007310348
134,9,18.001341806979994
135,25,18.072581309730044
141,20,17.392743231187637
142,10,16.302949138865642
143,15,16.378017793201973
144,17,16.960011374269765
145,9,16.799979024385962
146,24,15.923741578092493
147,10,18.450911796967212
148,9,18.43160695756298
149,15,18.355451851098543
150,18,18.36227169593462
151,9,18.54315645330568
158,26,16.777475309850647
159,10,16.612736520372717
160,7,16.265598069458594
161,23,17.063910950507747
162,2,16.896177172939296
163,8,16.783077507138238
164,24,16.386841511982897
165,10,16.54131427600651
170,8,16.592798211966592
171,10,17.291638241943133
172,16,16.84413673583197
173,9,16.77466103221712
174,8,17.340150550223846
175,8,16.78188505812322
193,7,16.963614458313536
194,15,16.99296507811541
195,8,17.228572878100003
196,19,17.2112934050822
197,5,17.321123247938463
204,12,19.277457754340556
205,3,19.410535234296205
206,21,19.601342218574814
207,5,19.821296888500413
208,10,18.68231511671009
214,21,19.217199156768
215,11,19.173614486013758
216,4,19.103601881088537
217,16,19.363221192896034
218,15,19.7521995925767
219,16,18.446006478695317
220,7,18.271820057457862
221,9,17.96682488691726
222,16,18.204782114214584
223,9,20.132846978185377
224,19,20.092228798664973
225,10,20.03795227181416
226,4,20.244378788311863
227,13,20.259291955959043
228,19,20.125502636164658
229,11,20.863605527486392
230,19,20.64479768972594
231,9,20.70338730640207
244,2,20.523933416079387
245,21,20.623524442568627
246,16,20.31488097102165
247,5,20.572313407638795
248,21,20.304279925411656
249,14,20.3613367828425
250,1,18.857016569565037
251,15,18.91421976110285
252,23,18.950386502072245
253,25,19.047217539858806
259,16,20.674791102439347
260,8,20.60185746017065
261,22,19.67827067143031
262,19,19.535911078785503
263,4,19.17721713781056
264,24,19.414160773558123
285,4,20.876371798303396
286,11,20.643587735431286
287,5,20.63180450559497
288,23,20.842700591989612
289,4,20.877559689362243
290,12,20.901864422155047
302,28,19.82649640852919
303,5,19.917633077631407
304,10,19.680392707453105
305,9,22.014932745168803
323,33,22.785384626829632
324,10,22.724232602098304
325,17,22.824560782875462
326,6,23.230371599224046
327,34,23.29634748327219
328,14,23.1592431600788
335,13,20.05334081558783
336,2,19.69416336091977
337,16,20.12324250868583
338,7,19.961864824523452
339,1,20.010984057433706
373,10,21.680368121110035
374,10,21.775887893201617
375,4,21.528413192532543
399,11,22.265502198224333
400,12,22.301657114874274
401,21,22.44817416019042
402,17,22.19909114538518
403,19,22.48368991256796
404,29,23.117864528425347
414,6,21.639132322384608
415,3,22.398754164238383
416,16,21.54861459960235
417,14,21.634375997215088
432,20,23.23981662160297
433,27,23.258534750237693
434,7,23.40921458807921
435,5,23.670863804667825
436,8,25.42811919850754
487,8,14.76838163236902
488,13,14.372791884524954
489,6,14.719709590925799
490,13,14.624638677376215
491,17,14.51926005365809
492,13,15.713306285223036
503,11,14.248232756720975
504,16,14.381723862191562
505,15,14.159105682091601
506,12,14.254263481305514
512,23,19.320455228797666
513,16,19.61494075682308
514,19,19.093311927752854
525,17,20.299320041650862
526,5,20.292609575148134
527,21,20.115020060159264
528,22,20.40162875316952
529,1,20.18655061008636
530,20,18.123814184825168
531,5,18.406030910380867
532,16,18.156733274675066
533,18,18.0158775945268
534,5,17.61257607550322
546,12,18.33513937449817
547,3,18.610957127218143
548,17,18.68041024577589
549,15,18.722707347813653
550,3,18.431809346364556
574,18,15.038418928727081
575,24,15.125228892832345
576,5,15.218096579025282
577,31,15.083080331877863
578,3,17.736629350187116
579,19,18.259239002961976
585,18,17.85976679445765
586,7,17.800315163962022
587,18,17.860223602349155
588,5,17.607286937020284
589,11,14.336248694415591
590,19,14.739168706874823
591,10,14.649740431076404
592,17,14.839301590639113
593,7,14.433145414625484
594,9,14.520295983393355
595,6,15.05329226661015
596,16,15.456763677927162
597,8,15.001284309823593
598,21,14.971853062717626
599,5,14.736635728274976
600,13,14.685080186777302
601,8,14.737150532607835
602,16,14.665058224204051
603,11,15.635368376179251
604,21,15.927587728109888
605,5,15.669213047049876
606,13,15.504490469623462
607,11,15.701471800884947
608,16,17.320630265881352
609,9,17.693763556376712
643,23,16.135580993157053
644,8,16.17304873698143
645,17,15.732589268056193
646,16,16.495914291272854
647,9,16.507825653072697
648,22,16.503384538270975
649,21,16.566013688993063
650,9,16.44290306340877
651,14,16.0615868976591
652,18,15.484053506834679
653,22,15.324637745144106
654,16,15.594490657347789
655,13,15.723970711752006
656,21,15.747795991121002
657,14,16.899172435725436
658,16,16.95408508412819
659,16,16.80181201838809
660,27,16.951036903576146
661,15,17.07970172564488
662,15,16.99702674551892
663,15,15.289848348346412
664,23,15.224803699434874
665,3,15.312063554103474
666,12,15.16920308681271
667,19,15.255448909085949
668,22,14.760330420981044
669,29,15.983811717273557
670,5,16.116118571264252
671,14,16.0588959507266
672,18,15.686581013881664
688,19,15.264220561068507
689,12,15.431136212627688
690,23,15.699049367798953
691,4,15.001430312293882
692,15,15.740811161702236
693,20,15.284804702915428
694,18,20.39041345203235
695,20,20.586966865868337
696,4,20.38740589615483
697,15,15.270076744922841
698,14,14.740060954840526
699,7,14.693683586493034
728,16,14.86149942830878
729,9,14.730699871978079
730,13,14.639122991463493
731,13,14.934196653390511
732,16,15.364195655833818
733,16,15.05022902694058
740,16,15.00697940523647
741,7,14.827193571192158
742,3,14.797773002900911
743,23,14.71224900317221
744,4,14.821817143276476
745,24,14.61826863862802
746,10,15.225827541860875
747,7,14.981487875860324
748,7,14.681697273836322
770,17,15.101415812409469
771,26,15.419315744322118
772,7,15.509046489044778
773,15,15.457872016102167
774,5,15.046839899541466
775,18,14.851673077177038
814,12,18.68184851425027
815,5,18.504002232852287
816,18,18.821092206042458
817,9,18.074898306787134
818,14,18.251575627292926
819,9,18.306407721288195
842,20,18.127147332413443
843,3,18.313450939563026
844,2,18.406719996321634
845,3,17.683223900285316
846,14,17.82666471166531
847,7,18.307883683733614
905,21,21.392766018063078
906,17,20.911143265860147
907,6,21.407849209301585
908,14,21.69410913305351
916,16,21.99959045902657
917,4,23.12597498896951
918,22,21.78510476022109
919,25,22.595471452250827
920,14,22.20887122959944
921,14,22.472014342657232
922,13,21.994472493308805
923,22,22.140746102545883
924,15,22.2377058402575
925,21,22.138263552359124
926,12,22.399573812127137
1005,12,26.39665477341558
1006,20,26.447403889026795
1007,6,26.569223440157927
1024,20,20.132888236973667
1025,14,20.364602113023707
1035,17,20.31370816620128
1036,10,19.96494006999143
1037,14,20.31579021652692
1063,8,17.108119349902328
1064,10,17.124081708639935
1065,28,17.42268088918806
1089,21,17.672671604757852
1090,9,17.830770447069376
1091,20,17.47908496232138
1092,16,17.68663457008118
1093,4,18.271781982182635
1094,21,17.46085136978618
1095,5,16.18612192413099
1096,20,16.03884543999532
1097,17,15.903913432548645
1098,11,16.188820867184898
1099,22,15.900310671067714
1100,5,16.424857183609635
1101,16,16.901483904795413
1102,20,16.593928644292095
1103,8,16.110023312921044
1120,20,16.70597032737055
1121,16,16.6646522424991
1122,17,16.731619951574967
1123,26,16.50788188564338
1124,17,17.34850778739661
1125,15,18.061381571283285
1126,19,17.640084114466752
1127,25,17.512571446153657
1128,18,17.602437003494643
1129,12,16.145269773995828
1130,16,16.457713638796513
1154,3,16.059075861757837
1155,28,16.30017867181495
1156,22,16.563008662352335
1157,17,16.58772398237873
1158,7,16.542098435439964
1159,19,16.055569870177855
1160,3,16.45690612415681
1161,24,16.410090392398512
1168,16,16.136385942289955
1169,22,16.09045835225029
1170,9,16.03672444448842
1171,17,16.359859082519737
1172,3,15.843891101210227
1180,13,16.716013813982485
1181,8,16.481601118748877
1182,7,16.44365817422754
1183,27,16.62315862977482
1184,16,16.217155746634553
1185,11,16.43507873977543
1186,6,16.814101055665482
1187,8,16.741263967302128
1188,23,16.109899018524704
1189,15,16.52905099161271
1190,13,16.484484390571488
1191,16,15.875307155532449
1192,6,16.255822524247968
1193,26,16.82851111899937
1194,16,16.471354541929237
1195,15,16.85690901877894
1208,7,17.222656625691684
1209,13,17.587322092827396
1210,11,17.399314998080474
1211,12,17.415797625413074
1212,15,17.38083694692619
1213,22,16.566682097604065
1214,16,16.36268675320556
1215,1,16.44036278352613
1216,17,16.30119092949933
1217,9,16.853782843580227
1218,23,16.17082019249489
1219,18,16.210257457747034
1220,5,16.354928635317684
1221,17,16.372196627391535
1222,7,16.14547333785952
1223,21,16.668999398710714
1224,24,16.145506634084068
1225,3,16.35438329295191
1226,15,16.495219013313402
1227,12,16.34623006985452
1228,7,16.28076903576143
1229,31,16.154961033605655
1230,16,15.991095663680579
1231,24,16.469904319055306
1232,14,16.675428915367807
1233,9,16.432234233871245
1234,31,17.10646944780669
1235,14,16.915246184494624
1236,2,16.909515705879897
1237,25,17.007905135570766
1238,18,16.96058143429614
1239,7,17.395508787055526
1240,30,17.567346130883625
1241,16,17.467411458810314
1242,3,16.664450449245766
1243,29,16.20155645132601
1260,3,17.824411720977185
1261,20,17.466305161859413
1262,11,17.465875850365048
1263,10,17.504911857877097
1264,26,17.612380123067403
1269,14,17.602625573904255
1270,20,17.509461185359708
1271,9,17.41046609705297
1272,9,17.386253994368303
1273,18,17.418214910809
1280,19,15.729430698043497
1281,19,15.908632573317083
1282,12,16.62494824397145
1283,19,16.099407025554747
1284,15,16.502579984427392
1290,3,17.226135348123638
1291,19,16.61799270378932
1292,12,16.57694577483846
1293,11,16.63855779587745
1294,24,16.799373379515853
1295,2,16.424859649712044
1302,13,17.826875829870094
1303,4,17.513222962354458
1304,26,17.60075568345023
1305,11,17.922060606242802
1306,14,17.400214413838068
1317,11,15.293364849140355
1318,15,15.183176027044565
1319,13,15.252449753966486
1320,16,15.90943116776709
1321,7,15.269062911689671
1322,24,18.819077261245624
1339,4,18.038383464488373
1340,21,17.86059761831981
1341,14,17.734018637997345
1342,19,17.86090793297464
1343,3,18.796075771490692
1344,6,18.891185489739357
1348,9,19.004327010478825
1349,2,19.164623426707653
1350,35,18.939826038485364
1351,16,18.972733167651615
1352,20,15.459197110309677
1356,22,17.715350722041023
1357,9,17.380969979442753
1358,10,17.575134937743545
1359,16,17.570263086179516
1360,4,16.987553798768797
1361,16,17.36365889952034
1389,13,17.508845598039635
1390,8,17.670534450791724
1391,6,17.924377042105927
1392,23,18.1283411387347
1393,21,17.83599447967525
1394,9,16.834256555446935
1401,6,18.85015687425235
1402,11,18.441883638802334
1403,7,18.62136744236215
1404,19,18.45664666445831
1405,27,18.723994162107655
1406,4,19.572632394962785
1413,7,18.41358143014815
1414,15,18.172994426648135
1415,8,18.134145061293204
1416,28,18.092563233606057
1428,20,21.831695654662685
1429,7,21.79672290187274
1430,16,21.500048190035116
1431,19,22.2515076195179
1432,23,21.911186805838344
1433,18,21.25869214777545
1434,7,22.442197496087957
1435,14,21.88637210295285
1436,21,16.253283523742418
1437,11,16.60287447977118
1438,16,16.451713016244227
1439,5,16.427177210385782
1440,25,20.547728703102347
1441,20,19.88804976228475
1442,9,20.38141108944868
1448,10,21.274985817199436
1449,19,21.380219270312182
1450,21,21.568622127341378
1451,8,21.4643549014767
1461,12,22.221229561749773
1462,19,22.00895315630396
1463,10,22.443143465420523
1464,28,21.90062061427859
1465,14,24.843369433390603
1486,10,23.36209265924986
1487,3,23.333043785367224
1488,19,23.475403278714563
1489,10,23.670828377616782
1490,10,23.415578847403207
1491,25,23.4801267955401
1492,10,22.918266399038245
1493,4,23.312825098590235
1494,28,23.445907849114963
1495,11,26.04658423589654
1496,21,25.932727165523428
1497,29,24.16906067246102
1501,18,25.482352928212485
1502,14,25.692058280201348
1503,18,25.4402307861169
1504,16,25.992260822889882
1505,8,23.352995072526596
1506,20,23.136711347235185
1507,6,23.351335379791887
1508,24,23.384194626498086
1509,11,23.166706900873255
1544,26,24.91420099748148
1545,15,24.718965544078422
1546,23,24.833663546080807
1547,30,25.071568579318722
1548,7,24.7472170660385
1549,27,25.420623515806856
1550,4,25.882638746589155
1551,10,25.579867633875594
1552,27,25.394336039564493
1553,11,24.76397141282539
1554,14,25.050217905528257
1579,14,26.77169348186862
1580,8,15.754150408253912
1594,31,15.467544037028444
1595,15,17.15421461466124
1596,7,17.363978554044916
1597,8,17.301769592559264
1598,11,17.898058475443843
1617,2,17.816053918165213
1618,28,17.735795133755136
1619,9,17.55948166751772
1620,1,17.78575537606574
1627,22,17.693419555034684
1628,17,17.542208002384477
1629,18,17.637508527325803
1630,19,17.940366717775433
1631,14,17.71638874867586
1632,19,17.61948744583351
1633,21,17.5411311694399
1634,14,15.66469607926836
1635,24,15.75479966397746
1636,16,16.295319491255285
1680,13,14.909698228337355
1681,21,14.891005458827674
1682,3,14.624117589716672
1683,12,14.48918978645927
1707,13,14.909841706622851
1708,27,14.933897539165539
1709,19,14.847066528585586
1710,10,14.925433726810857
1711,17,15.32606211932767
1712,17,15.479000624811757
1713,5,15.561677856975571
1714,24,14.719183532469446
1715,18,14.242267188583384
1716,13,14.576993761574888
1717,24,14.776222185302448
1718,20,14.734349323744793
1719,9,15.052477837753647
1720,24,14.659217461815242
1721,18,14.856584481853183
1722,14,14.883001495447191
1723,20,15.074781965001005
1724,24,14.81458153296629
1725,5,15.916950002041297
1726,26,16.325779981564963
1727,20,15.495697631177977
1758,26,14.658354295946038
1759,6,14.893121145924603
1760,13,14.86965602338057
1761,21,13.78020701115625
1762,6,14.779015078810684
1769,5,14.209026046182917
1770,11,14.234086816931388
1782,22,14.009089674472966
1783,6,14.052295893895842
1784,20,14.210652381366543
1785,16,14.115578348211043
1804,24,13.931919638872806
1805,11,14.420611304110519
1806,7,14.426067309567685
1807,23,14.328572011256547
1808,4,14.19297657796119
1823,23,16.816444686623115
1824,19,15.706170805562927
1825,5,15.549605521240796
1826,19,15.636110129790554
1827,14,15.787065093203301
1828,6,16.072289839352493
1839,20,14.716829646672998
1840,6,15.18373102625461
1841,14,14.91367715895979
1842,20,14.494898760594488
1843,10,14.755891145037124
1844,16,15.011837438024756
1850,11,14.321879030600178
1851,5,13.988790264372588
1852,5,13.910186576549425
1853,16,13.883440590491775
1854,6,13.917865591240101
1861,11,14.727712342378164
1862,13,14.970622123793484
1863,9,15.068132782197454
1864,17,15.09427486499307
1865,11,15.280741473114624
1872,1,16.623417455172252
1873,14,16.561109572858914
1874,28,16.96759104674575
1875,12,17.03108789731413
1876,2,16.621810477567465
1877,19,14.57789273211288
1878,1,14.301543363845655
1879,16,14.291207449590235
1880,23,14.331889654577582
1881,14,14.521959215594949
1888,11,15.184046412548104
1889,11,14.908650302142984
1890,11,14.625927447442434
1891,23,14.93479949795994
1897,23,15.323632130148425
1898,26,15.431416159976648
1899,12,14.873085130283584
1900,15,15.2115451113831
1901,17,14.918111720491027
1906,3,14.682624870574717
1907,17,15.077220630302586
1908,13,14.716786400843962
1909,23,14.750272509738528
1910,19,14.76715509720965
1911,12,14.646740581999119
1918,2,14.440772351620751
1919,7,14.351317279090495
1920,13,14.62524030985613
1921,20,14.373201897092216
1922,9,14.384295032157814
1923,11,14.665884583220564
1930,22,14.53474058776897
1931,17,14.34334828156891
1932,15,15.059581435296561
1933,21,15.116034548927551
1934,19,15.219555842711856
1935,12,15.298503394004648
1936,19,15.086670800024235
1937,7,14.367794357079141
1938,13,14.709915342249998
1939,13,14.545141876376224
1955,2,15.360651316301738
1956,17,15.595971070417589
1957,11,15.542827231737567
1958,13,15.513256467941618
1959,17,15.577571748926177
1987,20,15.049847368340659
1988,8,14.915397688155123
1989,14,15.535430553890148
1990,16,14.924239741332267
1991,4,15.233080969788226
1992,18,15.064962586000027
1993,19,14.633749429806482
1994,6,14.637276531278827
1995,14,14.81749880788089
1996,21,14.625592408412766
1997,8,14.860321352582478
1998,21,14.93028794763173
1999,20,17.246772483609558
2000,5,17.01054085460036
2001,13,17.454808132855888
2002,14,17.20745878668927
2003,4,17.430634735696422
2004,23,16.884721931020312
2005,1,16.089789295392237
2006,13,15.596060524988054
2007,13,15.961671466220006
2008,4,15.828349207829918
2019,5,16.524454513226612
2020,14,15.528207057832732
2021,14,15.690657716009584
2022,9,15.601738276245879
2023,10,15.60395733747327
2024,5,15.578696989220305
2025,13,15.791916673569133
2026,22,16.749193608919448
2027,13,16.166234765676048
2028,26,16.70563723731071
2035,15,18.14426085625623
2036,8,17.858516637046733
2037,28,17.10334830421568
2038,7,17.50542958588807
2039,7,16.708232283663055
2040,20,16.949895360485414
2041,3,17.158538301618943
2042,12,15.641169074108268
2043,26,15.507904182983893
2044,5,15.800453748572611
2045,5,15.359713477067913
2062,3,18.438173646480134
2063,4,16.435790913917128
2064,18,16.364434314725475
2065,5,16.230317798641806
2066,7,16.258817152300406
2067,19,16.49150333358889
2068,3,16.19369362986588
2069,3,14.238086313854533
2070,23,14.320537262340805
2071,4,14.428241440997743
2072,7,14.217520224996473
2073,4,15.289765886802972
2074,21,15.133657002283156
2075,11,15.376364831608965
2076,9,15.539043381959209
2077,24,15.284284165176775
2078,10,17.215478930311452
2084,13,17.554259562667404
2085,10,17.4359970179997
2086,13,17.37207001492851
2087,21,17.488633386701114
2088,5,17.16365572994684
2101,18,17.355403888633628
2102,13,17.47131680688394
2103,17,17.386123979667396
2104,15,17.506192751339405
2105,22,15.154657806799332
2106,19,15.140434710981376
2113,15,16.39893261626492
2114,14,17.149460780240393
2115,14,17.75021303362158
2116,26,17.200907032733483
2117,14,17.273716611666167
2122,24,17.59879673736302
2123,6,16.990288145107137
2124,10,17.215473481870273
2125,9,16.809674665850586
2126,5,16.698052134288808
2127,20,17.060222597234723
2128,16,16.616625821477626
2129,11,16.27541663044664
2130,10,16.188318685329214
2131,10,16.568760072693863
2132,2,16.270241264278475
2133,17,16.27769904907483
2134,26,17.726229356876242
2135,21,18.206028479108767
2136,6,17.958852317128887
2137,10,14.218793699981276
2138,18,14.708802437424254
2145,21,17.76742395887493
2146,11,17.695262175521066
2147,9,17.740468653544777
2148,28,17.834534942112782
2149,30,17.529518624908356
2150,14,17.886009238963084
2151,5,17.47142453231431
2152,20,17.753729197276716
2153,20,17.325701996318053
2154,24,17.69348489545667
2155,18,18.075276291917
2156,13,17.931234693316515
2157,18,17.963900066687998
2158,8,18.011665902922367
2159,14,18.034151612548207
2160,23,18.77086102635165
2172,19,13.531554657492574
2173,5,13.582489728719159
2174,17,14.599762054820697
2175,5,13.76844611801901
2176,15,18.71500870094978
2177,19,18.27217594431866
2226,4,20.957742435034532
2227,15,20.802307378087946
2228,22,20.68995054545219
2229,18,21.467775647692815
2230,27,21.641476314876343
2247,2,19.80324767164843
2248,20,21.292409554612423
2249,21,21.19165896181393
2250,9,21.105859024979374
2251,22,21.407917424584074
2286,20,19.92312365429895
2287,13,19.92204759281128
2288,20,20.128901927980834
2289,14,23.243248007537858
2290,16,22.813368655150246
2291,15,22.966655387358205
2292,16,22.74423768610808
2293,11,22.979576305814778
2294,13,13.995726324015335
2295,20,13.744119931652389
2296,13,14.09660252185917
2313,21,21.652152277518198
2314,7,21.483470075829402
2315,4,21.28262147973284
2316,16,21.481546917994162
2326,19,14.189229087653617
2327,13,14.482481700032885
2328,23,14.601969515324544
2329,14,22.465958084400256
2330,6,22.00986274250375
2331,11,22.359240397631464
2332,24,22.479843770325765
2333,11,22.356702314885574
2334,24,23.066157836285495
2335,19,23.397806170772046
2336,5,22.924699332713974
2337,14,23.187522973313513
2338,12,22.949126718952765
2339,15,22.98421073746302
2340,10,22.959075957173198
2341,14,22.82310365381713
2342,8,22.77019703806018
2351,13,23.929786781576905
2352,1,24.36607196791861
2353,13,24.534144845422333
2354,15,24.479451242840735
2355,12,24.964853096592538
2356,6,24.47899798035816
2376,18,23.533682139463203
2377,11,23.276008877404625
2378,13,23.188616261841354
2379,8,23.382465389692342
2380,21,23.29621366618046
2392,17,24.279965206088885
2393,8,24.11389350993112
2394,12,23.675367635264468
2395,20,23.948368242531796
2451,4,25.583918246790645
2452,20,25.34137238962386
2453,24,25.49533355245091
2454,10,25.462142129319954
2455,11,24.917505371638498
2456,3,24.827436885948327
2457,21,24.481142126467805
2458,21,24.746188335138644
2459,9,24.478879533100425
2460,16,25.379355649220447
2523,11,23.250602359914094
2524,13,26.214060001615856
2525,7,25.599869887854513
2541,2,26.039871041073976
2542,20,26.13158935309515
2543,27,24.847859936217063
2544,7,24.717235380025695
2545,7,27.105438339678162
2551,14,13.4821558848565
2552,9,14.018103489577136
2553,8,14.071018623687062
2554,11,13.524816749896917
2555,19,13.633370358073398
2556,14,14.351770291635148
2557,12,14.341189047258693
2558,3,14.567301684085367
2559,9,14.346271380732713
2560,18,14.393336072372543
2566,13,14.247296579116384
2567,10,14.205114369243793
2568,2,14.115568117182379
2574,3,14.320768457450333
2575,23,14.076449532832232
2576,9,14.078058643364205
2577,4,13.695929388661717
2578,5,14.005272984834951
2579,20,13.592871529906635
2603,25,13.758701296786558
2604,13,14.339459090944791
2605,19,13.851800503039964
2645,1,14.494001512884886
2646,12,14.82930786394985
2647,2,14.707143561590266
2648,9,14.36383317054046
2674,14,14.841733123544836
2675,18,15.067595379549912
2676,23,15.653007980614326
2677,10,15.114145907177098
2678,3,15.015597129345933
2679,18,14.903018798445988
2680,7,14.881510647416137
2681,18,15.06543280916048
2682,18,15.255408596992336
2683,19,14.759969045824501
2684,5,14.56233304853777
2685,12,14.351220217473335
2686,10,14.645527107282097
2687,16,14.364030631904736
2688,21,14.450627220417365
2689,8,14.652524374327397
2690,16,14.461442290684156
2691,14,14.39856194853889
2692,20,14.885787377919865
2693,19,15.235774591752527
2694,6,15.243962817036804
2695,15,15.498799175601603
2702,9,15.548793297030706
2703,12,14.031291534426314
2704,19,14.431252653202376
2705,10,14.60744531679208
2706,6,14.552749228952433
2707,19,14.647695828171688
2738,12,15.008877603379524
2739,16,15.924016294979209
2740,16,15.730402635554233
2741,19,15.766673280339583
2742,11,15.977929464101635
2743,3,15.780213827297038
2744,10,13.581557205024462
2745,13,13.80106233251807
2746,15,13.550059544241627
2747,11,13.680295850049779
2748,6,13.489833884768796
2749,10,13.441453727545294
2750,12,15.190949471357406
2755,13,17.129757127605792
2756,15,16.362199070819905
2757,26,16.603365761091236
2762,10,15.444037938503344
2763,24,15.560147332875802
2764,28,15.806035920104456
2765,1,15.776928390474282
2783,5,16.192206114980873
2784,11,15.934325254884618
2785,3,15.923000206736406
2786,15,16.13902277952057
2787,26,15.90288583307081
2788,3,15.7320446641567
2789,19,15.864654872234762
2790,18,16.398323574972128
2791,10,15.850867939702555
2792,19,16.61207196856304
2804,13,16.046920134581853
2805,6,16.193450333876953
2806,4,16.089178317566567
2807,13,16.155536441553885
2808,23,15.926309430109491
2814,10,16.56025475295796
2815,9,15.602116729315268
2816,20,15.615694691918044
2817,17,15.728124758939774
2818,12,15.574255001184374
2819,17,15.514369781698347
2820,11,17.583378557734523
2821,20,17.42047542455319
2822,13,17.330960496236433
2823,10,17.393475160438488
2824,11,17.858123502599533
2825,9,17.311150498824457
2831,9,15.818164145418995
2832,10,16.115159284914075
2833,10,15.845870625178195
2834,3,15.85677073406521
2835,18,16.116982736049888
2836,12,15.630577793800692
2837,16,15.49041954539233
2838,12,15.536073140968375
2839,11,15.329522455912583
2840,5,15.730111874170571
2841,17,15.297890090006058
2842,15,16.124354550639595
2843,2,16.5527806694116
2844,16,16.671030184555256
2845,14,16.81126037114472
2846,5,16.614842925896518
2847,17,16.441399781685266
2860,7,16.55204996563093
2861,15,16.235254258326282
2862,12,16.20595792734943
2863,3,16.54422069934153
2864,20,16.179487636542014
2865,9,16.441798464465933
2866,16,16.522787639846385
2867,18,16.18692075242416
2868,8,16.052623614158446
2869,13,16.300009622865073
2870,3,16.136836268202995
2871,13,16.330505599150705
2872,18,16.45452609985093
2873,10,16.273433979029033
2874,4,16.17101228275354
2875,17,15.6170755865283
2876,5,15.635935222777965
2877,8,15.608954195692924
2878,10,15.55164864122333
2879,12,15.667563715644459
2880,20,13.518264220182441
2881,6,13.563712809265498
2882,10,13.17845843449985
2883,20,13.476568417155898
2884,12,13.512581233575025
2885,2,13.60266879280601
2886,15,16.129511306201714
2887,18,16.150802737455603
2888,11,16.09248316179241
2889,14,16.35559966320702
2890,13,16.14221486143462
2891,4,17.067750972418544
2892,18,17.228155022712865
2893,22,17.121269439910396
2894,6,17.147041306669124
2895,13,17.363192580515747
2896,16,17.262641718362737
2902,12,16.312780155267955
2903,8,15.715618223180758
2904,8,15.606697963493462
2905,5,16.080757880936563
2906,5,15.444213051615924
2907,17,18.50181076494313
2908,19,18.242682417258237
2909,4,18.425193898910184
2910,9,18.544221253784855
2911,20,18.412801267455947
2912,19,18.336536468564645
2918,12,16.86942194409529
2919,3,16.992323419011775
2920,7,16.922305573309163
2921,20,16.701626275679143
2922,20,16.737282154329172
2927,1,16.584028862169138
2928,13,16.127123373016552
2929,19,16.102963088755068
2930,15,15.756323172104414
2931,10,15.846631179632446
2932,14,16.174776967990432
2977,20,16.77060317139315
2978,5,16.47068188475995
2979,12,17.17557724155089
2980,7,16.793943310400675
2981,8,17.04739088884241
2982,17,16.737200582704055
2983,7,16.499000896026086
2984,12,16.290178338027136
2985,14,16.427330656143095
2986,20,16.371363653151246
2987,25,16.56076144880801
2993,27,18.23343710480274
2994,4,18.296907986638317
2995,14,18.22704480479031
2996,12,18.365949124652804
2997,27,17.90485140143227
2998,15,18.27843876825975
2999,9,18.43507835867079
3000,14,18.338844292953258
3001,15,16.66617310914913
3002,13,16.968181327482807
3003,1,16.941246254206305
3004,15,16.76968467254844
3005,20,17.211961021207113
3006,15,16.809039176399185
3007,13,18.03540005507175
3008,16,17.577500179209746
3021,16,19.17553664629297
3022,3,18.929788596970432
3023,9,19.049646751211455
3024,5,17.811796784422786
3025,1,17.456863723315948
3026,17,17.591353337132656
3048,11,18.45700023462195
3049,4,18.584383321339942
3050,9,17.73492242076525
3051,20,17.603138433795426
3052,14,18.05320337855178
3058,6,18.70514931232758
3059,21,18.076299378170173
3060,7,18.274124541307604
3061,10,18.59974121920035
3062,16,18.764929250435568
3063,13,18.978222720178078
3086,4,18.19473890993915
3087,8,18.285425850141863
3088,7,18.087890686253488
3089,19,18.32701257862627
3090,10,18.069447028918905
3091,10,18.155393635653176
3092,10,18.267493934715542
3093,20,18.098001655960022
3094,15,14.375519263867394
3095,16,15.0864223247541
3096,16,14.421961552040333
3108,11,18.492230458551816
3109,7,18.849121966806976
3110,22,18.213839707823393
3111,18,20.364809556358786
3112,14,19.90412204622536
3113,13,20.349312225285754
3118,9,19.385068143445423
3119,22,19.422958088729466
3120,28,20.09330649028462
3121,22,19.771367246425402
3122,6,19.966616504529473
3128,18,19.87717872806322
3129,4,12.484742614991212
3130,7,12.646162483097287
3131,17,12.593683630667721
3132,20,13.600002272418479
3133,8,12.704822123420493
3144,13,13.900586702666647
3145,4,13.821329953439264
3146,12,13.812611857001913
3147,5,13.939537815751356
3148,12,18.159787414849415
3149,7,18.19530629146362
3156,7,23.255863450366665
3157,3,22.68991993666635
3158,14,13.923490345568242
3159,1,14.070095587404822
3160,10,13.934651143231015
3161,4,13.82597057874728
3168,9,20.71916106988784
3169,5,20.74969393311438
3170,16,20.810157664333648
3171,2,20.85497002554829
3172,12,20.92909248025739
3173,6,21.14184599438776
3174,13,21.03754948497976
3175,9,21.173180448150873
3176,17,21.138908803052395
3177,5,21.28411071678314
3178,16,18.052258243449966
3179,7,18.038162179970367
3219,1,19.99679574912797
3220,13,20.119897964223526
3221,13,19.984739573861358
3222,7,19.940211397370295
3223,13,19.97845672120891
3277,6,22.856624843547724
3278,10,20.65742950654946
3279,13,20.523041870309587
3280,8,20.619998315577686
3291,16,20.620008619282462
3292,23,20.460168305471207
3293,4,22.416445028438375
3294,20,22.495877966645274
3325,20,14.135637809062587
3326,10,13.241579747874843
3327,12,13.593110086965263
3344,18,23.081216866660593
3345,15,23.547491106789437
3346,16,14.047989435142993
3347,16,13.951847595349214
3348,8,13.966674508219349
3349,20,14.014640792491377
3469,6,25.54715529996767
3470,18,12.77711159049731
3471,12,12.834756800186389
3472,15,12.856857470655106
3521,2,12.999814525538808
3522,16,13.058294834571404
3523,14,12.87877693202649
3524,16,13.271696263652483
3525,17,13.538766441731985
3526,15,13.427405899818384
3527,11,13.493320853841514
3528,14,13.203378490178576
3529,20,13.573610992432522
3542,8,13.921988540057523
3543,3,14.039169641107861
3544,10,14.170338572511078
3560,7,13.221417343883505
3561,10,13.038725323000603
3562,18,13.488189256521203
3622,20,15.519620603139257
3623,10,16.18646837602216
3624,6,15.108406143083986
3625,7,13.535973775015544
3626,18,13.84300907323348
3627,9,13.744445762000048
3638,3,13.118809408702248
3639,8,13.3552142826532
3640,5,12.870781622061356
3641,13,15.103749662815485
3642,6,15.351662511135126
3649,9,14.805955199504329
3650,13,14.15476099182382
3651,2,13.886797431817191
3652,13,14.185436917589529
3653,10,13.799778258448837
3681,18,13.40452251567812
3682,19,13.525441326251487
3683,9,13.264717160709692
3684,8,14.254155456511935
3685,7,14.82177196389425
3686,9,14.428433678117448
3687,21,14.610099950762413
3688,9,15.031264602240718
3689,15,14.34998234001316
3690,9,13.426395640910643
3691,11,13.549720226726832
3692,19,13.7637363627902
3693,9,13.476584219646496
3694,2,11.999832716977624
3695,13,12.4421246357482
3696,26,12.132690846380497
3697,15,12.239549406580872
3698,7,12.660446642928596
3699,9,12.32064415746515
3700,23,14.676507522003556
3701,20,14.894267863058195
3702,7,14.956017653808516
3703,4,14.935351104322999
3704,9,14.838637616708947
3705,11,12.758102360186793
3706,15,13.58045064640579
3707,8,13.231997485186746
3708,7,12.925652730515104
3709,6,13.609342995152643
3710,16,13.234806643896938
3711,24,14.202455791604367
3712,4,14.26315879715168
3713,6,14.05399246992275
3714,8,14.3012560788439
3715,13,14.763721958571637
3716,16,14.0061218008776
3717,7,14.829796026150868
3718,6,14.881120526871166
3719,9,14.641027105872801
3720,13,15.037740885812939
3721,12,15.502093752443148
3722,9,14.920043520492925
3723,6,13.96331891639429
3729,18,13.285228526499559
3730,13,13.879132485432304
3731,12,13.244281714057633
3732,20,13.466787528727625
3733,11,11.795724769140984
3734,11,11.890011942730474
3771,11,13.052910001650277
3772,12,13.128771629714917
3773,8,13.285805622291011
3774,17,13.349890085180242
3775,11,11.60165548834775
3776,11,11.854890973603828
3782,18,11.98715960998763
3783,19,11.674950267577387
3784,17,11.746797424132971
3785,21,11.876646855655281
3786,3,11.399257747876524
3787,13,11.838300256709154
3788,13,11.636220050553675
3789,15,11.641221967463398
3790,14,11.78931891370463
3795,12,11.87327827113754
3796,8,12.463117318709532
3797,13,12.864278507495262
3798,4,12.69776224102179
3803,14,13.270967792024711
3804,9,12.43004611896561
3805,12,12.24428309166761
3806,5,12.452858973353026
3807,19,12.966271500147892
3830,4,11.930852234294923
3831,6,11.704686386382063
3832,9,11.469531047625932
3833,11,12.003550738507345
3834,12,11.928882355214059
3841,5,11.761321894781661
3842,14,11.05989682489014
3843,6,11.601045883740841
3844,12,11.334276441243475
3845,28,11.053725046534048
3846,4,11.30494723216815
3853,3,13.279274185288903
3854,11,13.718864999884245
3855,23,13.258081402769035
3856,3,13.39694114480805
3857,12,13.511829239565884
3869,11,11.515409163479898
3870,3,11.814085062379306
3871,8,11.509203948081343
3872,10,11.70084579183737
3873,13,11.07091813496586
3874,16,10.943525311803416
3875,3,10.815294831462747
3876,5,10.87795669987276
3877,13,11.337227810596058
3878,20,10.877576811899225
3889,15,15.65946863535393
3890,13,15.506579711833906
3891,18,12.80437236004257
3892,9,12.64174570884132
3893,11,12.775427466490006
3894,18,13.065838102479704
3906,7,12.688774411249918
3907,20,15.791788763358001
3908,9,15.959757141841067
3909,2,16.07715618694815
3910,21,16.07207074562348
3911,6,15.863772267140996
3922,20,11.68640178103628
3923,2,12.023937675888165
3924,17,11.989796390870895
3925,22,11.944422692921464
3926,7,12.136185591030701
3927,15,12.798653485324945
3928,13,12.480929385042948
3929,19,12.889023250434212
3930,8,12.889783302638968
3931,12,12.515178337606978
3932,12,12.733274954996821
3933,13,12.662573732345074
3934,28,12.749677000414426
3935,2,13.120314362520954
3936,13,12.6395751735468
3937,11,12.44295321905799
3938,6,12.508504967432991
3939,7,12.33823327177617
3940,16,12.060728553399839
3941,3,11.842585422612414
3942,9,11.905529936948948
3943,19,11.99225111207574
3944,5,12.030537214153671
3945,15,12.295242031027291
3946,17,11.69360983278569
3947,7,11.848947386490726
3948,11,11.922678506036283
3949,21,11.841124621231751
3950,11,11.865615146834141
3951,15,12.579484912073454
3952,20,12.27497743351935
3953,1,12.312699519633838
3959,2,12.923025266449372
3960,9,12.93939394979856
3961,3,16.28654748899826
3967,4,13.065594973830601
3968,11,13.39875187435495
3969,12,13.153497259306015
3970,3,12.94409253272412
3971,6,12.437282053884648
3976,2,12.308400572642393
3977,4,12.720226429553607
3978,12,12.47613210746603
3979,10,12.595837636992277
3980,15,12.547074674638894
3981,18,12.58896567977828
3982,8,12.33170991378812
3983,6,11.953816029062503
3984,26,11.860786994884675
3985,14,12.133229467442563
3986,3,12.075165628688898
3987,18,12.169653047282743
3988,2,11.944571688279256
3989,17,12.450568309107945
3990,7,12.55406244449283
3991,11,12.55157729853766
3992,2,10.74142069634802
4004,15,12.849975770740889
4005,3,12.524867713406012
4006,18,12.418235331855833
4007,9,15.201623512462058
4008,16,15.100290864235497
4009,5,14.95453349660843
4010,1,15.696362716947016
4011,18,15.264474768236633
4012,10,14.609419121030292
4013,14,12.5289280595444
4014,3,12.488505398079548
4046,9,11.713005152563186
4047,12,12.157196920398693
4048,14,12.229924815218512
4049,17,12.007707029568323
4050,6,12.57753673470099
4051,6,12.136523858330975
4052,9,12.259181990010013
4053,12,12.21612878990951
4054,16,12.037560136849415
4055,13,18.449758002309878
4061,15,15.407555226077664
4062,8,15.475892823560105
4063,24,15.189008624428713
4064,2,12.643378019872362
4065,12,12.561778422992282
4066,11,12.566613681349697
4078,6,12.581817275748982
4079,15,12.010196999522742
4080,17,11.971112826232114
4081,4,11.896130309871246
4082,10,11.994680192725127
4094,12,14.72063298536966
4095,2,14.55675315173773
4096,13,12.627157686732538
4097,12,13.420106927020464
4098,7,12.409973309650033
4099,3,12.490807999855694
4100,15,12.78924786001768
4101,14,12.393362759379881
4102,11,13.146953074812696
4103,1,12.544894386573255
4108,5,17.169155375771183
4109,12,17.149136140568686
4110,16,17.213239320471942
4111,17,16.945759414553148
4112,6,12.49597045501142
4113,14,12.454946786352558
4114,8,12.8097028340349
4115,6,12.213185505994314
4116,10,12.364120838018577
4117,10,12.416386185655238
4118,16,12.261025388084315
4119,14,12.776933126028673
4120,13,12.435332025767933
4121,13,10.516778940032433
4122,10,10.793392180524322
4123,10,10.463546304091421
4124,20,10.717805572458767
4125,8,11.495641096836861
4126,2,10.724806914505693
4127,14,13.292440761370193
4128,2,12.579317900310016
4129,7,12.937400891687764
4145,17,12.432904142789768
4146,17,12.532549748980085
4147,12,12.58310021552334
4148,9,13.42392694653525
4149,10,13.019169712037284
4150,14,12.949835141735052
4156,7,11.781470394689881
4157,2,15.569952379791108
4158,15,15.506605014548393
4159,15,15.392251561367818
4160,5,15.503348592561752
4161,13,15.5450187116711
4162,14,12.710297234523837
4163,13,12.824114718796013
4164,14,12.579898928876798
4165,16,12.436468155566839
4166,11,12.541015065415205
4167,18,12.33066001842184
4168,10,12.82178700335748
4169,10,12.359017156615957
4170,20,11.704992483177993
4171,15,11.861682155482365
4172,17,12.105445440780915
4173,8,11.923352046690471
4174,20,15.940599632658781
4175,17,15.784114804559167
4176,8,15.828515524685308
4177,18,15.730331251825941
4178,19,15.946614076495862
4179,10,13.165524149685147
4180,17,13.249398847039618
4181,17,13.718024074144145
4200,7,16.842337571540515
4201,17,12.512700182731034
4202,3,12.840635173155304
4203,13,12.956435194589204
4204,12,12.586658483423369
4205,4,12.70431799967836
4206,11,13.48476014238437
4207,4,13.316848825534846
4208,10,13.50568478682134
4209,10,13.44169335535619
4210,16,13.306220140173444
4220,20,17.528284631136493
4221,12,17.102126153580073
4222,12,17.408278879930105
4223,17,17.43143887434209
4224,1,17.29719389251752
4225,3,12.649244398696256
4232,14,14.804705122128272
4233,5,14.794954122629832
4234,27,14.587463685182811
4235,8,14.465284314826656
4236,8,14.50015162875295
4237,23,14.431085407117713
4256,11,14.062833109106164
4257,22,14.208924567133096
4258,7,15.68049025678108
4259,10,15.591281844384609
4260,7,15.762609385062667
4261,5,15.532211969212602
4262,17,15.540763731035922
4263,3,15.839062641564533
4264,9,15.733581076287232
4265,3,15.888011640418437
4266,11,15.94534409700406
4267,21,18.822071852929973
4273,4,19.06971601970167
4274,7,19.015738021388568
4275,2,18.21263387831043
4276,5,18.42383826408559
4277,18,18.11010793319243
4278,3,18.083636018844025
4293,4,13.498528879413819
4294,8,13.477204183009174
4295,15,13.834894333001603
4296,7,15.80513815361538
4297,22,16.556087661172345
4313,9,19.031073562903927
4314,4,17.69819909732929
4315,3,19.440657972858162
4316,6,19.089358071959428
4317,4,19.101852014817396
4360,12,17.005489352235617
4361,13,16.80309466358455
4362,10,16.69763414569268
4363,15,17.08244130927407
4364,18,19.585738565022282
4365,13,19.08110890534094
4366,21,19.35236748108177
4367,17,19.18882479419596
4368,14,19.255057151542637
4369,15,12.935812783652187
4370,5,12.97932344442946
4371,12,12.96631539795911
4372,8,13.132505185034315
4373,11,12.980367692836507
4401,11,18.478656799605776
4402,14,18.255757866301753
4403,6,18.180991593474452
4433,10,15.850212942023125
4434,13,15.984116433599006
4435,16,16.682706242867706
4436,8,16.79945492504206
4437,6,16.35411758028671
4438,11,16.895703637018855
4439,6,16.15143535272644
4440,5,16.45991658312162
4441,16,18.3893822372923
4462,11,15.995104999408126
4463,5,15.867043271962256
4464,18,15.566697932359808
4465,6,18.05332597445979
4488,4,17.986203687077797
4489,9,17.979720884866683
4490,12,19.486546548544847
4495,11,19.990646373385864
4496,5,19.557903345697273
4497,4,19.831131297228584
4498,14,21.162241550675915
4499,3,21.241031362147798
4500,8,21.028662392230576
4506,2,17.221991034360315
4507,7,17.426157987468883
4508,15,17.24318603806857
4509,1,14.61413386100277
4510,7,14.823911093127908
4545,1,15.941000879154844
4546,10,16.48130056169961
4547,13,15.774110627971998
4548,15,18.35811754567066
4549,2,18.310855195014454
4575,15,15.454293579923043
4576,4,15.917996265668183
4577,10,15.422778714854498
4578,7,15.48008341994517
4579,13,15.4373766124945
4580,19,15.493818323288712
4633,4,22.76922857510382
4634,22,22.422168030695182
4635,6,22.031154634663835
4636,12,14.327914948308614
4666,16,24.230288639069045
4667,14,23.182442328047582
4668,18,22.621719264820108
4669,13,23.1383785294837
4670,13,23.401158034210408
4671,20,22.630490792491543
4672,10,22.690215227220186
4673,11,22.62322634533042
4674,8,22.6933359116034
4675,4,24.164960376709185
4772,17,15.266433282052972
4773,16,14.982381296181057
4774,13,15.091806071643795
4775,12,14.880533843331792
4776,4,14.791889440175092
4777,17,15.140972078992968
4778,9,14.878134036223125
4779,15,14.920594496354926
4780,10,15.53856965179307
4781,9,15.669231652639665
4812,17,16.10912622020802
4813,15,16.169899080391996
4814,1,16.114954319640898
4829,13,14.18082557127623
4830,15,14.183349430955815
4831,17,14.39853007894738
4832,9,14.660263605654716
4903,8,10.255901025153161
4904,5,10.281151799395225
4905,10,10.394080567350551
4906,9,10.631380049933119
4907,11,10.607764295926213
4908,24,10.690998593529942
4919,12,11.028862961769653
4920,17,10.595388973291358
4921,10,10.754573395246647
4922,8,10.529271207212872
4923,18,10.396387917054206
4930,15,11.417346488915191
4931,16,10.563403985300825
4932,6,10.92113945288329
4933,10,10.769734716359448
4975,2,10.082200844548519
4976,18,9.922729657301963
4977,2,10.026227197813915
4978,12,9.849345531330359
4979,9,9.799308331923578
4980,1,11.082836522517283
4981,16,11.431794604919403
4982,9,11.15362844957303
4983,19,11.196775266136761
4984,9,11.53638820027693
4985,8,11.096252017575766
4986,14,10.163509193404924
4987,12,10.233513416178479
4988,5,10.21545277693651
4989,6,10.073296189833826
4990,13,9.028689252236436
4991,13,9.397292087932
4992,4,9.189087745620252
4993,5,9.251797263271472
4994,11,9.431187171359207
4995,10,9.148090828784978
4996,3,10.441606126746347
4997,4,10.282199277095671
4998,7,10.500230727197188
4999,13,10.498395964491419
5000,17,10.53452956743376
5001,12,9.756115499363304
5002,2,9.812863021934742
5003,11,9.897989325150734
5004,8,9.653790847409043
5005,4,9.505131637147139
5006,4,9.933392901085725
5013,16,10.132199064882013
5014,14,10.087061775336277
5015,22,10.262754254361285
5016,8,10.245781391461556
5017,7,10.239385581751323
5018,5,10.080110436024572
5055,4,9.291149047214251
5056,8,9.628571675924707
5057,12,11.30968441064597
5058,8,11.560607777207355
5059,17,11.272925688894661
5060,14,11.625347283744752
5066,4,9.167480217205547
5067,12,9.38901104008066
5068,12,9.715313055155708
5069,13,9.642746959806043
5070,4,9.629072122673678
5071,10,9.936701376821636
5072,3,9.79371537153029
5081,13,11.159932220789964
5082,7,11.15062666631602
5083,11,11.087116272681273
5084,8,11.131065541040398
5113,12,9.903301766596975
5114,14,9.898058366667916
5115,12,9.933381371551215
5116,2,11.19348412344106
5117,24,11.271631513535683
5118,3,11.150529617900611
5119,23,11.127357727477987
5120,13,11.261743968957418
5121,4,11.07737620634197
5122,18,9.626253910330751
5129,12,11.728039674950502
5130,6,11.629376990519246
5131,10,12.128973350922232
5132,15,11.59036023088749
5133,13,10.283669277360108
5149,12,9.293384613128987
5150,10,9.728166757915389
5151,8,9.74836769577263
5152,7,9.500532503244395
5153,12,9.380462972007855
5159,4,9.860144124598227
5160,2,9.801447012184882
5161,15,9.775332725635872
5162,3,9.8352722689411909
5163,20,10.549913375669396
5164,3,10.535227163850758
5177,16,11.927965374426806
5178,11,11.420949704278835
5179,6,10.037327286049395
5180,11,10.289242710169228
5181,13,10.332589191839071
5182,13,10.3679652014764
5188,10,10.002294744862628
5189,11,10.00228189897321
5190,9,10.457756863912902
5191,7,10.362502474108036
5192,3,10.169327759101243
5193,9,10.209290880624598
5199,9,9.226978819180973
5200,17,8.915610046843872
5201,10,9.312377175543118
5202,9,9.352878766458376
5203,16,9.252175095316671
5204,5,9.264386533028748
5226,18,11.934171664329911
5227,12,11.838091902888332
5228,15,12.19755514134441
5229,1,12.050367070367304
5230,4,12.11790311296347
5231,16,11.850890411796549
5232,11,11.557018437227919
5233,13,12.063071402670003
5234,1,12.159962169265317
5235,12,11.904175659231491
5242,12,10.97658063505656
5243,6,10.729977031234304
5244,5,10.29737664809491
5245,13,11.042412357514273
5246,2,10.515609679151828
5247,11,9.676045862152149
5248,8,9.663422692410522
5249,13,9.252638964774631
5250,15,9.47973062653174
5251,3,9.716062753111565
5252,7,9.390579294258952
5258,6,12.247232867554597
5259,12,9.817707321899961
5260,17,9.93077826494635
5261,10,9.7191734151171
5267,4,10.885407953341483
5268,2,11.468213489155247
5269,11,10.998337784510719
5270,2,12.046914829661855
5271,11,12.494708180045606
5276,2,10.052757198348905
5277,10,10.633146480678985
5278,3,10.185921251321247
5279,6,10.44158483112962
5280,11,10.391878264605024
5281,2,9.985646600519937
5282,14,10.542451596643398
5283,4,10.106843889392175
5284,4,10.514606073634889
5285,2,10.136347331053004
5286,14,10.153977114002572
5287,3,10.147755999356027
5288,13,10.277518227736929
5289,7,10.018445189675374
5290,3,10.159150849029492
5291,6,10.006716686592041
5292,6,9.262856053140327
5311,9,9.723665073936344
5312,11,9.776703597166364
5313,13,9.836171247992006
5314,23,9.88583018116465
5315,5,12.512657089852343
5316,10,12.639310509532404
5317,8,12.675097880567767
5318,17,12.470489081391866
5319,2,13.03459781684387
5320,14,12.343345667074
5349,2,11.495085769988208
5350,9,10.772635012830213
5351,10,10.691616284073376
5352,1,10.729372825780214
5353,8,10.740177991187663
5354,13,8.901636038762978
5361,4,9.416044711697626
5362,12,9.176004392407421
5363,10,9.849902376511226
5364,3,9.829656533683055
5365,5,9.703762147547613
5372,6,11.548508077940289
5373,3,10.888566533764275
5374,12,9.974904129507712
5375,6,9.752384876807378
5376,17,9.898180059845316
5377,10,9.621769670659779
5387,11,9.731103761914948
5388,19,9.824627068362416
5389,10,9.654671207893998
5390,5,10.037850216965131
5391,12,9.838319324779482
5392,4,13.708465458300445
5393,7,13.425961325789505
5394,16,14.01000071191321
5395,3,13.504515911775185
5396,17,10.152685980733056
5397,7,10.245699465618758
5398,1,10.09006842285289
5399,12,10.26799995098055
5400,1,10.176054216523209
5401,12,10.168792242823674
5402,8,10.1290295791331
5403,7,10.265532366698732
5415,15,12.410705687644661
5416,8,12.252188060720224
5417,10,10.061071502898042
5418,11,10.221244819957864
5419,5,9.963907566855429
5420,8,9.929895513067269
5421,12,9.923626838733412
5422,10,9.890581915390856
5423,10,10.069934316851386
5424,11,9.948529470881569
5425,8,9.900778782713381
5426,10,9.900025781957524
5427,11,9.928423717067943
5428,8,9.97279545944365
5429,7,10.289388870174806
5430,8,10.057880704382585
5431,10,10.245382219110251
5432,3,10.229278745107134
5433,4,10.01463662292061
5434,14,10.485661234349747
5435,3,10.497427068511309
5436,11,9.961872532862177
5437,11,10.341220601277824
5438,10,10.124146981756548
5456,3,9.363615247004656
5457,12,10.292580779737262
5458,10,9.892949873702165
5459,4,10.059860929608462
5460,8,9.793495303146448
5461,14,10.147970797626526
5462,5,9.953769991985208
5463,12,10.455183514693598
5464,5,10.24464709327104
5465,14,10.145821242242452
5466,3,10.182191367557932
5476,8,10.89000259456592
5477,3,11.546825595816177
5478,5,11.482052027938218
5479,10,11.046205972581989
5480,10,10.414236294571424
5481,8,10.153777586276739
5482,6,10.457378063952728
5483,11,10.255206199011102
5484,4,10.067079239829765
5485,15,9.507512691683313
5496,8,9.94620688917576
5497,5,9.971802430040084
5498,8,9.809773037477923
5499,8,10.306569716129893
5500,15,9.96643113183171
5501,8,10.029554611338412
5502,3,9.50609381725366
5503,13,9.641482008727992
5504,4,9.524557332149673
5505,20,9.794127646504661
5506,10,9.504645605368943
5569,14,11.641745002245742
5570,13,11.731792357060035
5571,7,11.540292554423107
5572,14,11.703999336647854
5573,15,11.630326270912617
5574,4,9.56736047489897
5581,10,10.9407998270384
5582,7,10.641928214889639
5583,11,10.884049039360704
5584,6,10.80780869813221
5585,12,11.60063057549502
5586,2,11.375503798454226
5608,14,9.47714101501648
5609,4,9.67506493272617
5610,10,9.745442512120615
5616,3,10.320568566776041
5617,16,10.482077787309075
5618,9,10.518656489776662
5619,10,10.770431091389154
5620,6,10.635118600072504
5621,3,10.463008407741327
5622,8,10.700602656042626
5623,11,10.42573083795845
5624,9,10.70477317475013
5625,5,9.94034426650711
5626,8,10.202063136827958
5627,18,10.007208691122234
5628,7,9.734117712413825
5629,5,9.954767641184551
5630,4,13.288266329537606
5631,10,13.488094076433518
5632,11,13.38556293162769
5633,8,13.398167541283268
5673,7,14.369984859427248
5674,7,13.340623711740697
5675,9,13.627253741710671
5676,13,13.08357606483665
5677,10,13.280721125461591
5678,8,13.145261561816538
5714,12,14.360855082077359
5715,7,14.000345528997926
5716,2,14.513263015301382
5717,11,14.094216796923318
5718,8,14.403558482393235
5719,5,16.6471665821617
5720,1,16.497766818622303
5721,13,16.54018500744674
5722,14,16.778684932943953
5723,7,16.250925407769806
5724,2,16.40489440893711
5725,12,16.280982677124747
5760,9,13.860665084941905
5761,4,13.572533676301754
5762,9,13.342566433237419
5763,9,12.151069093968271
5764,7,12.00798480733437
5765,9,12.37154144959879
5777,6,11.602731935667936
5778,8,10.74552721803253
5779,9,10.870178602209036
5780,11,11.01013725682499
5781,6,10.773065255039212
5788,5,13.963623727244418
5789,6,13.525955622607155
5790,2,17.85246564328335
5791,16,18.210282387604384
5792,5,17.430706388460997
5816,4,17.43895730840791
5817,12,10.934393382906832
5818,10,11.343500379385892
5829,8,15.968426169978349
5830,1,16.187097049901677
5831,7,15.680755101081981
5832,6,15.88759003660865
5833,11,15.746119028491474
5834,3,15.6983373454513
5835,9,15.994171801896433
5836,11,16.611688738458188
5837,9,16.086865153750534
5838,2,17.37234352505677
5839,8,16.877021609322654
5840,12,17.633716619986217
5841,8,17.256743486853814
5842,12,16.75440560731357
5848,11,16.13645333782257
5849,13,11.878815667222543
5850,4,11.973269115271313
5851,5,11.904529627044598
5852,5,11.710719230210781
5853,5,12.113509733911613
5854,13,11.69186108412278
5855,11,15.47046680266715
5856,10,15.514625321743313
5857,9,15.648229258409119
5929,7,19.52952382460541
5930,5,19.401430317224776
5931,11,19.632451960841514
5932,4,19.925716224974405
5933,7,19.92267830349702
6004,8,21.83148026909362
6005,10,22.017648395563075
6006,4,21.78017026698772
6007,7,21.49611777996324
6038,2,11.766833813623434
6056,6,11.490382031006476
6057,1,11.672503369708252
6058,1,11.676163704510293
6078,6,12.06616098135367
6079,5,11.545872395294156
6080,8,11.617843936843174
6081,9,11.685897618231625
6082,3,11.818067355115625
6083,7,11.891911915788505
6084,6,11.980597262215706
6119,4,13.396626480019805
6120,4,13.444035520834651
6121,6,13.4122546308953
6154,8,10.9717366867493
